date,store_id,product_id,product_name,category,closing_stock,quantity_sold,recommended_discount,priority,reason
2025-03-31,1,1017,India Gate Rice 17,Grocery,373,19,10%,Low,Moderate overstock
2025-03-31,1,1019,India Gate Rice 19,Grocery,306,18,10%,Low,Moderate overstock
2025-03-31,1,1028,Daawat Rice 8,Grocery,365,17,10%,Low,Moderate overstock
2025-03-31,1,1044,Fortune Rice 4,Grocery,352,5,10%,Low,Moderate overstock
2025-03-31,1,1084,Fortune Atta 4,Grocery,305,9,10%,Low,Moderate overstock
2025-03-31,1,1104,Pillsbury Atta 4,Grocery,353,19,10%,Low,Moderate overstock
2025-03-31,1,1123,Fortune Oil 3,Grocery,373,12,10%,Low,Moderate overstock
2025-03-31,1,1125,Fortune Oil 5,Grocery,360,7,10%,Low,Moderate overstock
2025-03-31,1,1136,Fortune Oil 16,Grocery,307,18,10%,Low,Moderate overstock
2025-03-31,1,1143,Saffola Oil 3,Grocery,318,19,10%,Low,Moderate overstock
2025-03-31,1,1144,Saffola Oil 4,Grocery,341,13,10%,Low,Moderate overstock
2025-03-31,1,1177,Dhara Oil 17,Grocery,388,10,10%,Low,Moderate overstock
2025-03-31,1,1179,Dhara Oil 19,Grocery,379,7,10%,Low,Moderate overstock
2025-03-31,1,1237,Organic India Sugar 17,Grocery,316,13,10%,Low,Moderate overstock
2025-03-31,1,1241,Amul Milk 1,Dairy,320,13,10%,Low,Moderate overstock
2025-03-31,1,1242,Amul Milk 2,Dairy,345,17,10%,Low,Moderate overstock
2025-03-31,1,1253,Amul Milk 13,Dairy,303,15,10%,Low,Moderate overstock
2025-03-31,1,1254,Amul Milk 14,Dairy,379,14,10%,Low,Moderate overstock
2025-03-31,1,1259,Amul Milk 19,Dairy,329,17,10%,Low,Moderate overstock
2025-03-31,1,1260,Amul Milk 20,Dairy,304,11,10%,Low,Moderate overstock
2025-03-31,1,1272,Mother Dairy Milk 12,Dairy,331,8,10%,Low,Moderate overstock
2025-03-31,1,1275,Mother Dairy Milk 15,Dairy,363,14,10%,Low,Moderate overstock
2025-03-31,1,1287,Amul Butter 7,Dairy,378,9,10%,Low,Moderate overstock
2025-03-31,1,1323,Amul Cheese 3,Dairy,381,8,10%,Low,Moderate overstock
2025-03-31,1,1330,Amul Cheese 10,Dairy,335,6,10%,Low,Moderate overstock
2025-03-31,1,1335,Amul Cheese 15,Dairy,343,15,10%,Low,Moderate overstock
2025-03-31,1,1343,Britannia Cheese 3,Dairy,306,17,10%,Low,Moderate overstock
2025-03-31,1,1358,Britannia Cheese 18,Dairy,349,18,10%,Low,Moderate overstock
2025-03-31,1,1374,Lay's Chips 14,Snacks,336,14,10%,Low,Moderate overstock
2025-03-31,1,1393,Kurkure Chips 13,Snacks,380,18,10%,Low,Moderate overstock
2025-03-31,1,1397,Kurkure Chips 17,Snacks,350,6,10%,Low,Moderate overstock
2025-03-31,1,1404,Britannia Biscuits 4,Snacks,375,14,10%,Low,Moderate overstock
2025-03-31,1,1406,Britannia Biscuits 6,Snacks,338,5,10%,Low,Moderate overstock
2025-03-31,1,1409,Britannia Biscuits 9,Snacks,323,9,10%,Low,Moderate overstock
2025-03-31,1,1411,Britannia Biscuits 11,Snacks,342,10,10%,Low,Moderate overstock
2025-03-31,1,1423,Parle Biscuits 3,Snacks,314,13,10%,Low,Moderate overstock
2025-03-31,1,1424,Parle Biscuits 4,Snacks,322,19,10%,Low,Moderate overstock
2025-03-31,1,1441,Tata Tea Tea 1,Beverages,339,17,10%,Low,Moderate overstock
2025-03-31,1,1442,Tata Tea Tea 2,Beverages,356,16,10%,Low,Moderate overstock
2025-03-31,1,1443,Tata Tea Tea 3,Beverages,328,11,10%,Low,Moderate overstock
2025-03-31,1,1444,Tata Tea Tea 4,Beverages,357,15,10%,Low,Moderate overstock
2025-03-31,1,1455,Tata Tea Tea 15,Beverages,301,17,10%,Low,Moderate overstock
2025-03-31,1,1457,Tata Tea Tea 17,Beverages,344,13,10%,Low,Moderate overstock
2025-03-31,1,1462,Red Label Tea 2,Beverages,329,8,10%,Low,Moderate overstock
2025-03-31,1,1499,Nescafe Coffee 19,Beverages,363,17,10%,Low,Moderate overstock
2025-03-31,1,1508,Bru Coffee 8,Beverages,354,8,10%,Low,Moderate overstock
2025-03-31,1,1515,Bru Coffee 15,Beverages,357,7,10%,Low,Moderate overstock
2025-03-31,1,1526,Dove Soap 6,Personal Care,304,7,10%,Low,Moderate overstock
2025-03-31,1,1537,Dove Soap 17,Personal Care,323,6,10%,Low,Moderate overstock
2025-03-31,1,1547,Lux Soap 7,Personal Care,339,19,10%,Low,Moderate overstock
2025-03-31,1,1553,Lux Soap 13,Personal Care,379,11,10%,Low,Moderate overstock
2025-03-31,1,1564,Lifebuoy Soap 4,Personal Care,372,15,10%,Low,Moderate overstock
2025-03-31,1,1570,Lifebuoy Soap 10,Personal Care,384,9,10%,Low,Moderate overstock
2025-03-31,1,1574,Lifebuoy Soap 14,Personal Care,313,19,10%,Low,Moderate overstock
2025-03-31,1,1593,Clinic Plus Shampoo 13,Personal Care,303,15,10%,Low,Moderate overstock
2025-03-31,1,1600,Clinic Plus Shampoo 20,Personal Care,308,7,10%,Low,Moderate overstock
2025-03-31,1,1627,Head & Shoulders Shampoo 7,Personal Care,388,7,10%,Low,Moderate overstock
2025-03-31,1,1651,Colgate Toothpaste 11,Personal Care,368,18,10%,Low,Moderate overstock
2025-03-31,1,1660,Colgate Toothpaste 20,Personal Care,361,13,10%,Low,Moderate overstock
2025-03-31,1,1681,Surf Excel Detergent 1,Household,344,13,10%,Low,Moderate overstock
2025-03-31,1,1686,Surf Excel Detergent 6,Household,374,6,10%,Low,Moderate overstock
2025-03-31,1,1697,Surf Excel Detergent 17,Household,367,11,10%,Low,Moderate overstock
2025-03-31,1,1701,Ariel Detergent 1,Household,366,7,10%,Low,Moderate overstock
2025-03-31,1,1713,Ariel Detergent 13,Household,368,5,10%,Low,Moderate overstock
2025-03-31,1,1733,Wheel Detergent 13,Household,333,9,10%,Low,Moderate overstock
2025-03-31,1,1749,Vim Dishwash 9,Household,344,9,10%,Low,Moderate overstock
2025-03-31,1,1760,Vim Dishwash 20,Household,361,18,10%,Low,Moderate overstock
2025-03-31,1,1762,Pril Dishwash 2,Household,325,7,10%,Low,Moderate overstock
2025-03-31,1,1766,Pril Dishwash 6,Household,359,11,10%,Low,Moderate overstock
2025-03-31,1,1769,Pril Dishwash 9,Household,382,14,10%,Low,Moderate overstock
2025-03-31,1,1780,Pril Dishwash 20,Household,306,14,10%,Low,Moderate overstock
2025-03-31,2,1038,Daawat Rice 18,Grocery,342,6,10%,Low,Moderate overstock
2025-03-31,2,1048,Fortune Rice 8,Grocery,383,5,10%,Low,Moderate overstock
2025-03-31,2,1051,Fortune Rice 11,Grocery,369,13,10%,Low,Moderate overstock
2025-03-31,2,1058,Fortune Rice 18,Grocery,365,5,10%,Low,Moderate overstock
2025-03-31,2,1067,Aashirvaad Atta 7,Grocery,343,14,10%,Low,Moderate overstock
2025-03-31,2,1088,Fortune Atta 8,Grocery,346,5,10%,Low,Moderate overstock
2025-03-31,2,1094,Fortune Atta 14,Grocery,347,14,10%,Low,Moderate overstock
2025-03-31,2,1114,Pillsbury Atta 14,Grocery,326,19,10%,Low,Moderate overstock
2025-03-31,2,1130,Fortune Oil 10,Grocery,321,12,10%,Low,Moderate overstock
2025-03-31,2,1131,Fortune Oil 11,Grocery,319,12,10%,Low,Moderate overstock
2025-03-31,2,1132,Fortune Oil 12,Grocery,335,11,10%,Low,Moderate overstock
2025-03-31,2,1147,Saffola Oil 7,Grocery,330,5,10%,Low,Moderate overstock
2025-03-31,2,1152,Saffola Oil 12,Grocery,363,7,10%,Low,Moderate overstock
2025-03-31,2,1156,Saffola Oil 16,Grocery,306,16,10%,Low,Moderate overstock
2025-03-31,2,1157,Saffola Oil 17,Grocery,375,7,10%,Low,Moderate overstock
2025-03-31,2,1161,Dhara Oil 1,Grocery,372,9,10%,Low,Moderate overstock
2025-03-31,2,1165,Dhara Oil 5,Grocery,354,15,10%,Low,Moderate overstock
2025-03-31,2,1173,Dhara Oil 13,Grocery,302,10,10%,Low,Moderate overstock
2025-03-31,2,1177,Dhara Oil 17,Grocery,323,10,10%,Low,Moderate overstock
2025-03-31,2,1180,Dhara Oil 20,Grocery,336,8,10%,Low,Moderate overstock
2025-03-31,2,1196,Madhur Sugar 16,Grocery,317,13,10%,Low,Moderate overstock
2025-03-31,2,1215,Trust Sugar 15,Grocery,322,5,10%,Low,Moderate overstock
2025-03-31,2,1231,Organic India Sugar 11,Grocery,371,19,10%,Low,Moderate overstock
2025-03-31,2,1251,Amul Milk 11,Dairy,327,7,10%,Low,Moderate overstock
2025-03-31,2,1264,Mother Dairy Milk 4,Dairy,353,12,10%,Low,Moderate overstock
2025-03-31,2,1267,Mother Dairy Milk 7,Dairy,355,11,10%,Low,Moderate overstock
2025-03-31,2,1275,Mother Dairy Milk 15,Dairy,386,6,10%,Low,Moderate overstock
2025-03-31,2,1276,Mother Dairy Milk 16,Dairy,309,19,10%,Low,Moderate overstock
2025-03-31,2,1294,Amul Butter 14,Dairy,361,10,10%,Low,Moderate overstock
2025-03-31,2,1296,Amul Butter 16,Dairy,331,12,10%,Low,Moderate overstock
2025-03-31,2,1302,Britannia Butter 2,Dairy,315,15,10%,Low,Moderate overstock
2025-03-31,2,1316,Britannia Butter 16,Dairy,386,11,10%,Low,Moderate overstock
2025-03-31,2,1322,Amul Cheese 2,Dairy,332,11,10%,Low,Moderate overstock
2025-03-31,2,1329,Amul Cheese 9,Dairy,366,11,10%,Low,Moderate overstock
2025-03-31,2,1338,Amul Cheese 18,Dairy,317,13,10%,Low,Moderate overstock
2025-03-31,2,1364,Lay's Chips 4,Snacks,319,17,10%,Low,Moderate overstock
2025-03-31,2,1375,Lay's Chips 15,Snacks,326,8,10%,Low,Moderate overstock
2025-03-31,2,1377,Lay's Chips 17,Snacks,377,8,10%,Low,Moderate overstock
2025-03-31,2,1391,Kurkure Chips 11,Snacks,370,17,10%,Low,Moderate overstock
2025-03-31,2,1393,Kurkure Chips 13,Snacks,350,13,10%,Low,Moderate overstock
2025-03-31,2,1396,Kurkure Chips 16,Snacks,367,14,10%,Low,Moderate overstock
2025-03-31,2,1399,Kurkure Chips 19,Snacks,381,10,10%,Low,Moderate overstock
2025-03-31,2,1403,Britannia Biscuits 3,Snacks,341,6,10%,Low,Moderate overstock
2025-03-31,2,1406,Britannia Biscuits 6,Snacks,361,14,10%,Low,Moderate overstock
2025-03-31,2,1410,Britannia Biscuits 10,Snacks,360,16,10%,Low,Moderate overstock
2025-03-31,2,1456,Tata Tea Tea 16,Beverages,345,13,10%,Low,Moderate overstock
2025-03-31,2,1486,Nescafe Coffee 6,Beverages,349,9,10%,Low,Moderate overstock
2025-03-31,2,1512,Bru Coffee 12,Beverages,386,14,10%,Low,Moderate overstock
2025-03-31,2,1531,Dove Soap 11,Personal Care,349,8,10%,Low,Moderate overstock
2025-03-31,2,1535,Dove Soap 15,Personal Care,382,18,10%,Low,Moderate overstock
2025-03-31,2,1537,Dove Soap 17,Personal Care,301,6,10%,Low,Moderate overstock
2025-03-31,2,1548,Lux Soap 8,Personal Care,356,12,10%,Low,Moderate overstock
2025-03-31,2,1560,Lux Soap 20,Personal Care,311,6,10%,Low,Moderate overstock
2025-03-31,2,1565,Lifebuoy Soap 5,Personal Care,311,9,10%,Low,Moderate overstock
2025-03-31,2,1578,Lifebuoy Soap 18,Personal Care,367,8,10%,Low,Moderate overstock
2025-03-31,2,1595,Clinic Plus Shampoo 15,Personal Care,390,8,10%,Low,Moderate overstock
2025-03-31,2,1633,Head & Shoulders Shampoo 13,Personal Care,335,9,10%,Low,Moderate overstock
2025-03-31,2,1641,Colgate Toothpaste 1,Personal Care,375,10,10%,Low,Moderate overstock
2025-03-31,2,1645,Colgate Toothpaste 5,Personal Care,375,6,10%,Low,Moderate overstock
2025-03-31,2,1646,Colgate Toothpaste 6,Personal Care,375,10,10%,Low,Moderate overstock
2025-03-31,2,1657,Colgate Toothpaste 17,Personal Care,349,16,10%,Low,Moderate overstock
2025-03-31,2,1671,Pepsodent Toothpaste 11,Personal Care,317,8,10%,Low,Moderate overstock
2025-03-31,2,1672,Pepsodent Toothpaste 12,Personal Care,342,9,10%,Low,Moderate overstock
2025-03-31,2,1677,Pepsodent Toothpaste 17,Personal Care,336,13,10%,Low,Moderate overstock
2025-03-31,2,1678,Pepsodent Toothpaste 18,Personal Care,324,19,10%,Low,Moderate overstock
2025-03-31,2,1679,Pepsodent Toothpaste 19,Personal Care,356,13,10%,Low,Moderate overstock
2025-03-31,2,1691,Surf Excel Detergent 11,Household,335,9,10%,Low,Moderate overstock
2025-03-31,2,1694,Surf Excel Detergent 14,Household,302,9,10%,Low,Moderate overstock
2025-03-31,2,1702,Ariel Detergent 2,Household,308,5,10%,Low,Moderate overstock
2025-03-31,2,1709,Ariel Detergent 9,Household,387,7,10%,Low,Moderate overstock
2025-03-31,2,1710,Ariel Detergent 10,Household,326,19,10%,Low,Moderate overstock
2025-03-31,2,1719,Ariel Detergent 19,Household,337,13,10%,Low,Moderate overstock
2025-03-31,2,1724,Wheel Detergent 4,Household,352,16,10%,Low,Moderate overstock
2025-03-31,2,1744,Vim Dishwash 4,Household,366,7,10%,Low,Moderate overstock
2025-03-31,2,1752,Vim Dishwash 12,Household,316,16,10%,Low,Moderate overstock
2025-03-31,2,1754,Vim Dishwash 14,Household,379,12,10%,Low,Moderate overstock
2025-03-31,2,1773,Pril Dishwash 13,Household,306,11,10%,Low,Moderate overstock
2025-03-31,3,1006,India Gate Rice 6,Grocery,329,16,10%,Low,Moderate overstock
2025-03-31,3,1011,India Gate Rice 11,Grocery,320,6,10%,Low,Moderate overstock
2025-03-31,3,1025,Daawat Rice 5,Grocery,336,6,10%,Low,Moderate overstock
2025-03-31,3,1026,Daawat Rice 6,Grocery,341,13,10%,Low,Moderate overstock
2025-03-31,3,1031,Daawat Rice 11,Grocery,320,10,10%,Low,Moderate overstock
2025-03-31,3,1035,Daawat Rice 15,Grocery,338,15,10%,Low,Moderate overstock
2025-03-31,3,1061,Aashirvaad Atta 1,Grocery,353,14,10%,Low,Moderate overstock
2025-03-31,3,1073,Aashirvaad Atta 13,Grocery,348,8,10%,Low,Moderate overstock
2025-03-31,3,1099,Fortune Atta 19,Grocery,352,17,10%,Low,Moderate overstock
2025-03-31,3,1109,Pillsbury Atta 9,Grocery,312,10,10%,Low,Moderate overstock
2025-03-31,3,1121,Fortune Oil 1,Grocery,381,17,10%,Low,Moderate overstock
2025-03-31,3,1127,Fortune Oil 7,Grocery,313,9,10%,Low,Moderate overstock
2025-03-31,3,1139,Fortune Oil 19,Grocery,361,7,10%,Low,Moderate overstock
2025-03-31,3,1154,Saffola Oil 14,Grocery,322,13,10%,Low,Moderate overstock
2025-03-31,3,1155,Saffola Oil 15,Grocery,316,11,10%,Low,Moderate overstock
2025-03-31,3,1164,Dhara Oil 4,Grocery,355,8,10%,Low,Moderate overstock
2025-03-31,3,1169,Dhara Oil 9,Grocery,331,9,10%,Low,Moderate overstock
2025-03-31,3,1213,Trust Sugar 13,Grocery,332,17,10%,Low,Moderate overstock
2025-03-31,3,1235,Organic India Sugar 15,Grocery,323,13,10%,Low,Moderate overstock
2025-03-31,3,1238,Organic India Sugar 18,Grocery,341,18,10%,Low,Moderate overstock
2025-03-31,3,1246,Amul Milk 6,Dairy,351,13,10%,Low,Moderate overstock
2025-03-31,3,1255,Amul Milk 15,Dairy,381,18,10%,Low,Moderate overstock
2025-03-31,3,1260,Amul Milk 20,Dairy,389,8,10%,Low,Moderate overstock
2025-03-31,3,1264,Mother Dairy Milk 4,Dairy,348,10,10%,Low,Moderate overstock
2025-03-31,3,1272,Mother Dairy Milk 12,Dairy,339,9,10%,Low,Moderate overstock
2025-03-31,3,1281,Amul Butter 1,Dairy,323,9,10%,Low,Moderate overstock
2025-03-31,3,1338,Amul Cheese 18,Dairy,337,14,10%,Low,Moderate overstock
2025-03-31,3,1343,Britannia Cheese 3,Dairy,382,13,10%,Low,Moderate overstock
2025-03-31,3,1344,Britannia Cheese 4,Dairy,373,6,10%,Low,Moderate overstock
2025-03-31,3,1365,Lay's Chips 5,Snacks,370,13,10%,Low,Moderate overstock
2025-03-31,3,1376,Lay's Chips 16,Snacks,361,7,10%,Low,Moderate overstock
2025-03-31,3,1394,Kurkure Chips 14,Snacks,327,10,10%,Low,Moderate overstock
2025-03-31,3,1396,Kurkure Chips 16,Snacks,310,15,10%,Low,Moderate overstock
2025-03-31,3,1397,Kurkure Chips 17,Snacks,349,13,10%,Low,Moderate overstock
2025-03-31,3,1401,Britannia Biscuits 1,Snacks,382,18,10%,Low,Moderate overstock
2025-03-31,3,1407,Britannia Biscuits 7,Snacks,307,14,10%,Low,Moderate overstock
2025-03-31,3,1412,Britannia Biscuits 12,Snacks,377,19,10%,Low,Moderate overstock
2025-03-31,3,1413,Britannia Biscuits 13,Snacks,303,12,10%,Low,Moderate overstock
2025-03-31,3,1426,Parle Biscuits 6,Snacks,370,12,10%,Low,Moderate overstock
2025-03-31,3,1433,Parle Biscuits 13,Snacks,309,13,10%,Low,Moderate overstock
2025-03-31,3,1435,Parle Biscuits 15,Snacks,307,19,10%,Low,Moderate overstock
2025-03-31,3,1441,Tata Tea Tea 1,Beverages,366,12,10%,Low,Moderate overstock
2025-03-31,3,1442,Tata Tea Tea 2,Beverages,374,7,10%,Low,Moderate overstock
2025-03-31,3,1455,Tata Tea Tea 15,Beverages,319,11,10%,Low,Moderate overstock
2025-03-31,3,1466,Red Label Tea 6,Beverages,331,12,10%,Low,Moderate overstock
2025-03-31,3,1469,Red Label Tea 9,Beverages,370,8,10%,Low,Moderate overstock
2025-03-31,3,1486,Nescafe Coffee 6,Beverages,366,11,10%,Low,Moderate overstock
2025-03-31,3,1498,Nescafe Coffee 18,Beverages,360,9,10%,Low,Moderate overstock
2025-03-31,3,1504,Bru Coffee 4,Beverages,382,13,10%,Low,Moderate overstock
2025-03-31,3,1514,Bru Coffee 14,Beverages,389,9,10%,Low,Moderate overstock
2025-03-31,3,1527,Dove Soap 7,Personal Care,383,8,10%,Low,Moderate overstock
2025-03-31,3,1556,Lux Soap 16,Personal Care,370,19,10%,Low,Moderate overstock
2025-03-31,3,1561,Lifebuoy Soap 1,Personal Care,338,12,10%,Low,Moderate overstock
2025-03-31,3,1562,Lifebuoy Soap 2,Personal Care,353,8,10%,Low,Moderate overstock
2025-03-31,3,1576,Lifebuoy Soap 16,Personal Care,320,7,10%,Low,Moderate overstock
2025-03-31,3,1581,Clinic Plus Shampoo 1,Personal Care,358,12,10%,Low,Moderate overstock
2025-03-31,3,1601,Pantene Shampoo 1,Personal Care,362,18,10%,Low,Moderate overstock
2025-03-31,3,1608,Pantene Shampoo 8,Personal Care,368,17,10%,Low,Moderate overstock
2025-03-31,3,1614,Pantene Shampoo 14,Personal Care,391,7,10%,Low,Moderate overstock
2025-03-31,3,1615,Pantene Shampoo 15,Personal Care,366,14,10%,Low,Moderate overstock
2025-03-31,3,1621,Head & Shoulders Shampoo 1,Personal Care,342,6,10%,Low,Moderate overstock
2025-03-31,3,1651,Colgate Toothpaste 11,Personal Care,352,7,10%,Low,Moderate overstock
2025-03-31,3,1654,Colgate Toothpaste 14,Personal Care,367,15,10%,Low,Moderate overstock
2025-03-31,3,1714,Ariel Detergent 14,Household,389,5,10%,Low,Moderate overstock
2025-03-31,3,1718,Ariel Detergent 18,Household,338,16,10%,Low,Moderate overstock
2025-03-31,3,1720,Ariel Detergent 20,Household,313,17,10%,Low,Moderate overstock
2025-03-31,3,1727,Wheel Detergent 7,Household,333,6,10%,Low,Moderate overstock
2025-03-31,3,1733,Wheel Detergent 13,Household,385,15,10%,Low,Moderate overstock
2025-03-31,3,1735,Wheel Detergent 15,Household,330,10,10%,Low,Moderate overstock
2025-03-31,3,1741,Vim Dishwash 1,Household,364,9,10%,Low,Moderate overstock
2025-03-31,3,1753,Vim Dishwash 13,Household,380,15,10%,Low,Moderate overstock
2025-03-31,3,1756,Vim Dishwash 16,Household,302,16,10%,Low,Moderate overstock
2025-03-31,3,1759,Vim Dishwash 19,Household,319,10,10%,Low,Moderate overstock
2025-03-31,3,1763,Pril Dishwash 3,Household,377,8,10%,Low,Moderate overstock
2025-03-31,4,1003,India Gate Rice 3,Grocery,371,10,10%,Low,Moderate overstock
2025-03-31,4,1016,India Gate Rice 16,Grocery,355,19,10%,Low,Moderate overstock
2025-03-31,4,1021,Daawat Rice 1,Grocery,345,9,10%,Low,Moderate overstock
2025-03-31,4,1028,Daawat Rice 8,Grocery,373,17,10%,Low,Moderate overstock
2025-03-31,4,1029,Daawat Rice 9,Grocery,327,17,10%,Low,Moderate overstock
2025-03-31,4,1034,Daawat Rice 14,Grocery,310,16,10%,Low,Moderate overstock
2025-03-31,4,1035,Daawat Rice 15,Grocery,311,14,10%,Low,Moderate overstock
2025-03-31,4,1042,Fortune Rice 2,Grocery,362,7,10%,Low,Moderate overstock
2025-03-31,4,1056,Fortune Rice 16,Grocery,372,12,10%,Low,Moderate overstock
2025-03-31,4,1059,Fortune Rice 19,Grocery,347,10,10%,Low,Moderate overstock
2025-03-31,4,1066,Aashirvaad Atta 6,Grocery,308,7,10%,Low,Moderate overstock
2025-03-31,4,1075,Aashirvaad Atta 15,Grocery,336,7,10%,Low,Moderate overstock
2025-03-31,4,1082,Fortune Atta 2,Grocery,328,19,10%,Low,Moderate overstock
2025-03-31,4,1119,Pillsbury Atta 19,Grocery,312,5,10%,Low,Moderate overstock
2025-03-31,4,1128,Fortune Oil 8,Grocery,368,5,10%,Low,Moderate overstock
2025-03-31,4,1134,Fortune Oil 14,Grocery,310,11,10%,Low,Moderate overstock
2025-03-31,4,1151,Saffola Oil 11,Grocery,379,19,10%,Low,Moderate overstock
2025-03-31,4,1152,Saffola Oil 12,Grocery,355,10,10%,Low,Moderate overstock
2025-03-31,4,1178,Dhara Oil 18,Grocery,336,18,10%,Low,Moderate overstock
2025-03-31,4,1190,Madhur Sugar 10,Grocery,306,14,10%,Low,Moderate overstock
2025-03-31,4,1196,Madhur Sugar 16,Grocery,360,6,10%,Low,Moderate overstock
2025-03-31,4,1208,Trust Sugar 8,Grocery,339,16,10%,Low,Moderate overstock
2025-03-31,4,1237,Organic India Sugar 17,Grocery,365,15,10%,Low,Moderate overstock
2025-03-31,4,1247,Amul Milk 7,Dairy,383,10,10%,Low,Moderate overstock
2025-03-31,4,1248,Amul Milk 8,Dairy,329,13,10%,Low,Moderate overstock
2025-03-31,4,1265,Mother Dairy Milk 5,Dairy,334,15,10%,Low,Moderate overstock
2025-03-31,4,1280,Mother Dairy Milk 20,Dairy,353,19,10%,Low,Moderate overstock
2025-03-31,4,1289,Amul Butter 9,Dairy,303,6,10%,Low,Moderate overstock
2025-03-31,4,1294,Amul Butter 14,Dairy,340,17,10%,Low,Moderate overstock
2025-03-31,4,1308,Britannia Butter 8,Dairy,309,15,10%,Low,Moderate overstock
2025-03-31,4,1332,Amul Cheese 12,Dairy,377,17,10%,Low,Moderate overstock
2025-03-31,4,1341,Britannia Cheese 1,Dairy,345,9,10%,Low,Moderate overstock
2025-03-31,4,1343,Britannia Cheese 3,Dairy,308,6,10%,Low,Moderate overstock
2025-03-31,4,1349,Britannia Cheese 9,Dairy,371,10,10%,Low,Moderate overstock
2025-03-31,4,1356,Britannia Cheese 16,Dairy,321,9,10%,Low,Moderate overstock
2025-03-31,4,1360,Britannia Cheese 20,Dairy,385,6,10%,Low,Moderate overstock
2025-03-31,4,1363,Lay's Chips 3,Snacks,377,18,10%,Low,Moderate overstock
2025-03-31,4,1373,Lay's Chips 13,Snacks,373,19,10%,Low,Moderate overstock
2025-03-31,4,1380,Lay's Chips 20,Snacks,392,6,10%,Low,Moderate overstock
2025-03-31,4,1381,Kurkure Chips 1,Snacks,387,13,10%,Low,Moderate overstock
2025-03-31,4,1406,Britannia Biscuits 6,Snacks,340,14,10%,Low,Moderate overstock
2025-03-31,4,1408,Britannia Biscuits 8,Snacks,332,11,10%,Low,Moderate overstock
2025-03-31,4,1422,Parle Biscuits 2,Snacks,323,5,10%,Low,Moderate overstock
2025-03-31,4,1424,Parle Biscuits 4,Snacks,378,15,10%,Low,Moderate overstock
2025-03-31,4,1429,Parle Biscuits 9,Snacks,310,15,10%,Low,Moderate overstock
2025-03-31,4,1437,Parle Biscuits 17,Snacks,372,5,10%,Low,Moderate overstock
2025-03-31,4,1438,Parle Biscuits 18,Snacks,350,8,10%,Low,Moderate overstock
2025-03-31,4,1451,Tata Tea Tea 11,Beverages,360,14,10%,Low,Moderate overstock
2025-03-31,4,1454,Tata Tea Tea 14,Beverages,320,15,10%,Low,Moderate overstock
2025-03-31,4,1456,Tata Tea Tea 16,Beverages,310,10,10%,Low,Moderate overstock
2025-03-31,4,1458,Tata Tea Tea 18,Beverages,367,18,10%,Low,Moderate overstock
2025-03-31,4,1473,Red Label Tea 13,Beverages,326,11,10%,Low,Moderate overstock
2025-03-31,4,1482,Nescafe Coffee 2,Beverages,377,15,10%,Low,Moderate overstock
2025-03-31,4,1501,Bru Coffee 1,Beverages,347,7,10%,Low,Moderate overstock
2025-03-31,4,1504,Bru Coffee 4,Beverages,333,10,10%,Low,Moderate overstock
2025-03-31,4,1509,Bru Coffee 9,Beverages,316,18,10%,Low,Moderate overstock
2025-03-31,4,1520,Bru Coffee 20,Beverages,320,6,10%,Low,Moderate overstock
2025-03-31,4,1529,Dove Soap 9,Personal Care,301,6,10%,Low,Moderate overstock
2025-03-31,4,1539,Dove Soap 19,Personal Care,365,13,10%,Low,Moderate overstock
2025-03-31,4,1543,Lux Soap 3,Personal Care,345,6,10%,Low,Moderate overstock
2025-03-31,4,1546,Lux Soap 6,Personal Care,352,19,10%,Low,Moderate overstock
2025-03-31,4,1548,Lux Soap 8,Personal Care,319,12,10%,Low,Moderate overstock
2025-03-31,4,1549,Lux Soap 9,Personal Care,348,18,10%,Low,Moderate overstock
2025-03-31,4,1570,Lifebuoy Soap 10,Personal Care,353,12,10%,Low,Moderate overstock
2025-03-31,4,1579,Lifebuoy Soap 19,Personal Care,325,11,10%,Low,Moderate overstock
2025-03-31,4,1594,Clinic Plus Shampoo 14,Personal Care,371,10,10%,Low,Moderate overstock
2025-03-31,4,1623,Head & Shoulders Shampoo 3,Personal Care,341,6,10%,Low,Moderate overstock
2025-03-31,4,1635,Head & Shoulders Shampoo 15,Personal Care,342,16,10%,Low,Moderate overstock
2025-03-31,4,1660,Colgate Toothpaste 20,Personal Care,321,5,10%,Low,Moderate overstock
2025-03-31,4,1669,Pepsodent Toothpaste 9,Personal Care,365,13,10%,Low,Moderate overstock
2025-03-31,4,1692,Surf Excel Detergent 12,Household,367,5,10%,Low,Moderate overstock
2025-03-31,4,1695,Surf Excel Detergent 15,Household,364,14,10%,Low,Moderate overstock
2025-03-31,4,1702,Ariel Detergent 2,Household,382,13,10%,Low,Moderate overstock
2025-03-31,4,1722,Wheel Detergent 2,Household,357,10,10%,Low,Moderate overstock
2025-03-31,4,1756,Vim Dishwash 16,Household,364,18,10%,Low,Moderate overstock
2025-03-31,4,1773,Pril Dishwash 13,Household,351,9,10%,Low,Moderate overstock
2025-03-31,5,1006,India Gate Rice 6,Grocery,312,6,10%,Low,Moderate overstock
2025-03-31,5,1041,Fortune Rice 1,Grocery,317,18,10%,Low,Moderate overstock
2025-03-31,5,1050,Fortune Rice 10,Grocery,324,16,10%,Low,Moderate overstock
2025-03-31,5,1051,Fortune Rice 11,Grocery,309,13,10%,Low,Moderate overstock
2025-03-31,5,1074,Aashirvaad Atta 14,Grocery,371,8,10%,Low,Moderate overstock
2025-03-31,5,1083,Fortune Atta 3,Grocery,301,9,10%,Low,Moderate overstock
2025-03-31,5,1091,Fortune Atta 11,Grocery,338,8,10%,Low,Moderate overstock
2025-03-31,5,1093,Fortune Atta 13,Grocery,382,6,10%,Low,Moderate overstock
2025-03-31,5,1109,Pillsbury Atta 9,Grocery,375,8,10%,Low,Moderate overstock
2025-03-31,5,1111,Pillsbury Atta 11,Grocery,346,15,10%,Low,Moderate overstock
2025-03-31,5,1113,Pillsbury Atta 13,Grocery,390,10,10%,Low,Moderate overstock
2025-03-31,5,1123,Fortune Oil 3,Grocery,329,18,10%,Low,Moderate overstock
2025-03-31,5,1144,Saffola Oil 4,Grocery,375,16,10%,Low,Moderate overstock
2025-03-31,5,1162,Dhara Oil 2,Grocery,358,18,10%,Low,Moderate overstock
2025-03-31,5,1180,Dhara Oil 20,Grocery,370,11,10%,Low,Moderate overstock
2025-03-31,5,1241,Amul Milk 1,Dairy,347,18,10%,Low,Moderate overstock
2025-03-31,5,1247,Amul Milk 7,Dairy,301,7,10%,Low,Moderate overstock
2025-03-31,5,1268,Mother Dairy Milk 8,Dairy,382,14,10%,Low,Moderate overstock
2025-03-31,5,1285,Amul Butter 5,Dairy,324,10,10%,Low,Moderate overstock
2025-03-31,5,1287,Amul Butter 7,Dairy,324,5,10%,Low,Moderate overstock
2025-03-31,5,1311,Britannia Butter 11,Dairy,373,7,10%,Low,Moderate overstock
2025-03-31,5,1318,Britannia Butter 18,Dairy,302,13,10%,Low,Moderate overstock
2025-03-31,5,1322,Amul Cheese 2,Dairy,363,6,10%,Low,Moderate overstock
2025-03-31,5,1329,Amul Cheese 9,Dairy,311,19,10%,Low,Moderate overstock
2025-03-31,5,1330,Amul Cheese 10,Dairy,329,15,10%,Low,Moderate overstock
2025-03-31,5,1346,Britannia Cheese 6,Dairy,376,19,10%,Low,Moderate overstock
2025-03-31,5,1353,Britannia Cheese 13,Dairy,346,18,10%,Low,Moderate overstock
2025-03-31,5,1360,Britannia Cheese 20,Dairy,307,17,10%,Low,Moderate overstock
2025-03-31,5,1382,Kurkure Chips 2,Snacks,321,14,10%,Low,Moderate overstock
2025-03-31,5,1383,Kurkure Chips 3,Snacks,303,16,10%,Low,Moderate overstock
2025-03-31,5,1390,Kurkure Chips 10,Snacks,374,16,10%,Low,Moderate overstock
2025-03-31,5,1396,Kurkure Chips 16,Snacks,370,16,10%,Low,Moderate overstock
2025-03-31,5,1397,Kurkure Chips 17,Snacks,382,17,10%,Low,Moderate overstock
2025-03-31,5,1408,Britannia Biscuits 8,Snacks,322,15,10%,Low,Moderate overstock
2025-03-31,5,1430,Parle Biscuits 10,Snacks,371,16,10%,Low,Moderate overstock
2025-03-31,5,1433,Parle Biscuits 13,Snacks,335,19,10%,Low,Moderate overstock
2025-03-31,5,1434,Parle Biscuits 14,Snacks,302,19,10%,Low,Moderate overstock
2025-03-31,5,1437,Parle Biscuits 17,Snacks,348,16,10%,Low,Moderate overstock
2025-03-31,5,1442,Tata Tea Tea 2,Beverages,382,18,10%,Low,Moderate overstock
2025-03-31,5,1452,Tata Tea Tea 12,Beverages,376,5,10%,Low,Moderate overstock
2025-03-31,5,1459,Tata Tea Tea 19,Beverages,378,9,10%,Low,Moderate overstock
2025-03-31,5,1486,Nescafe Coffee 6,Beverages,383,10,10%,Low,Moderate overstock
2025-03-31,5,1494,Nescafe Coffee 14,Beverages,315,8,10%,Low,Moderate overstock
2025-03-31,5,1523,Dove Soap 3,Personal Care,344,19,10%,Low,Moderate overstock
2025-03-31,5,1557,Lux Soap 17,Personal Care,329,12,10%,Low,Moderate overstock
2025-03-31,5,1619,Pantene Shampoo 19,Personal Care,330,13,10%,Low,Moderate overstock
2025-03-31,5,1621,Head & Shoulders Shampoo 1,Personal Care,306,8,10%,Low,Moderate overstock
2025-03-31,5,1636,Head & Shoulders Shampoo 16,Personal Care,373,18,10%,Low,Moderate overstock
2025-03-31,5,1639,Head & Shoulders Shampoo 19,Personal Care,371,6,10%,Low,Moderate overstock
2025-03-31,5,1656,Colgate Toothpaste 16,Personal Care,354,19,10%,Low,Moderate overstock
2025-03-31,5,1659,Colgate Toothpaste 19,Personal Care,366,14,10%,Low,Moderate overstock
2025-03-31,5,1677,Pepsodent Toothpaste 17,Personal Care,344,19,10%,Low,Moderate overstock
2025-03-31,5,1682,Surf Excel Detergent 2,Household,371,15,10%,Low,Moderate overstock
2025-03-31,5,1714,Ariel Detergent 14,Household,351,14,10%,Low,Moderate overstock
2025-03-31,5,1723,Wheel Detergent 3,Household,349,15,10%,Low,Moderate overstock
2025-03-31,5,1770,Pril Dishwash 10,Household,307,11,10%,Low,Moderate overstock
2025-03-31,5,1779,Pril Dishwash 19,Household,376,13,10%,Low,Moderate overstock
2025-03-31,5,1780,Pril Dishwash 20,Household,345,19,10%,Low,Moderate overstock
2025-03-31,6,1007,India Gate Rice 7,Grocery,326,8,10%,Low,Moderate overstock
2025-03-31,6,1008,India Gate Rice 8,Grocery,355,13,10%,Low,Moderate overstock
2025-03-31,6,1016,India Gate Rice 16,Grocery,366,11,10%,Low,Moderate overstock
2025-03-31,6,1032,Daawat Rice 12,Grocery,345,19,10%,Low,Moderate overstock
2025-03-31,6,1033,Daawat Rice 13,Grocery,324,6,10%,Low,Moderate overstock
2025-03-31,6,1042,Fortune Rice 2,Grocery,349,19,10%,Low,Moderate overstock
2025-03-31,6,1048,Fortune Rice 8,Grocery,372,15,10%,Low,Moderate overstock
2025-03-31,6,1053,Fortune Rice 13,Grocery,362,16,10%,Low,Moderate overstock
2025-03-31,6,1065,Aashirvaad Atta 5,Grocery,312,7,10%,Low,Moderate overstock
2025-03-31,6,1068,Aashirvaad Atta 8,Grocery,362,19,10%,Low,Moderate overstock
2025-03-31,6,1069,Aashirvaad Atta 9,Grocery,391,8,10%,Low,Moderate overstock
2025-03-31,6,1077,Aashirvaad Atta 17,Grocery,360,19,10%,Low,Moderate overstock
2025-03-31,6,1081,Fortune Atta 1,Grocery,365,16,10%,Low,Moderate overstock
2025-03-31,6,1092,Fortune Atta 12,Grocery,387,12,10%,Low,Moderate overstock
2025-03-31,6,1098,Fortune Atta 18,Grocery,324,15,10%,Low,Moderate overstock
2025-03-31,6,1111,Pillsbury Atta 11,Grocery,365,11,10%,Low,Moderate overstock
2025-03-31,6,1133,Fortune Oil 13,Grocery,331,18,10%,Low,Moderate overstock
2025-03-31,6,1148,Saffola Oil 8,Grocery,303,9,10%,Low,Moderate overstock
2025-03-31,6,1207,Trust Sugar 7,Grocery,337,15,10%,Low,Moderate overstock
2025-03-31,6,1219,Trust Sugar 19,Grocery,380,7,10%,Low,Moderate overstock
2025-03-31,6,1223,Organic India Sugar 3,Grocery,385,11,10%,Low,Moderate overstock
2025-03-31,6,1226,Organic India Sugar 6,Grocery,310,15,10%,Low,Moderate overstock
2025-03-31,6,1229,Organic India Sugar 9,Grocery,303,12,10%,Low,Moderate overstock
2025-03-31,6,1230,Organic India Sugar 10,Grocery,343,18,10%,Low,Moderate overstock
2025-03-31,6,1264,Mother Dairy Milk 4,Dairy,342,5,10%,Low,Moderate overstock
2025-03-31,6,1315,Britannia Butter 15,Dairy,368,11,10%,Low,Moderate overstock
2025-03-31,6,1324,Amul Cheese 4,Dairy,371,12,10%,Low,Moderate overstock
2025-03-31,6,1362,Lay's Chips 2,Snacks,387,7,10%,Low,Moderate overstock
2025-03-31,6,1390,Kurkure Chips 10,Snacks,336,11,10%,Low,Moderate overstock
2025-03-31,6,1393,Kurkure Chips 13,Snacks,342,8,10%,Low,Moderate overstock
2025-03-31,6,1399,Kurkure Chips 19,Snacks,329,12,10%,Low,Moderate overstock
2025-03-31,6,1409,Britannia Biscuits 9,Snacks,372,7,10%,Low,Moderate overstock
2025-03-31,6,1450,Tata Tea Tea 10,Beverages,352,8,10%,Low,Moderate overstock
2025-03-31,6,1457,Tata Tea Tea 17,Beverages,349,10,10%,Low,Moderate overstock
2025-03-31,6,1458,Tata Tea Tea 18,Beverages,333,13,10%,Low,Moderate overstock
2025-03-31,6,1478,Red Label Tea 18,Beverages,315,9,10%,Low,Moderate overstock
2025-03-31,6,1486,Nescafe Coffee 6,Beverages,314,8,10%,Low,Moderate overstock
2025-03-31,6,1487,Nescafe Coffee 7,Beverages,371,8,10%,Low,Moderate overstock
2025-03-31,6,1491,Nescafe Coffee 11,Beverages,376,6,10%,Low,Moderate overstock
2025-03-31,6,1496,Nescafe Coffee 16,Beverages,354,17,10%,Low,Moderate overstock
2025-03-31,6,1497,Nescafe Coffee 17,Beverages,308,11,10%,Low,Moderate overstock
2025-03-31,6,1515,Bru Coffee 15,Beverages,319,12,10%,Low,Moderate overstock
2025-03-31,6,1521,Dove Soap 1,Personal Care,313,8,10%,Low,Moderate overstock
2025-03-31,6,1524,Dove Soap 4,Personal Care,327,19,10%,Low,Moderate overstock
2025-03-31,6,1557,Lux Soap 17,Personal Care,319,5,10%,Low,Moderate overstock
2025-03-31,6,1565,Lifebuoy Soap 5,Personal Care,354,5,10%,Low,Moderate overstock
2025-03-31,6,1573,Lifebuoy Soap 13,Personal Care,376,18,10%,Low,Moderate overstock
2025-03-31,6,1575,Lifebuoy Soap 15,Personal Care,320,7,10%,Low,Moderate overstock
2025-03-31,6,1587,Clinic Plus Shampoo 7,Personal Care,347,17,10%,Low,Moderate overstock
2025-03-31,6,1610,Pantene Shampoo 10,Personal Care,361,14,10%,Low,Moderate overstock
2025-03-31,6,1615,Pantene Shampoo 15,Personal Care,339,14,10%,Low,Moderate overstock
2025-03-31,6,1625,Head & Shoulders Shampoo 5,Personal Care,347,14,10%,Low,Moderate overstock
2025-03-31,6,1631,Head & Shoulders Shampoo 11,Personal Care,311,6,10%,Low,Moderate overstock
2025-03-31,6,1637,Head & Shoulders Shampoo 17,Personal Care,350,18,10%,Low,Moderate overstock
2025-03-31,6,1647,Colgate Toothpaste 7,Personal Care,359,15,10%,Low,Moderate overstock
2025-03-31,6,1654,Colgate Toothpaste 14,Personal Care,387,6,10%,Low,Moderate overstock
2025-03-31,6,1655,Colgate Toothpaste 15,Personal Care,318,8,10%,Low,Moderate overstock
2025-03-31,6,1668,Pepsodent Toothpaste 8,Personal Care,323,10,10%,Low,Moderate overstock
2025-03-31,6,1680,Pepsodent Toothpaste 20,Personal Care,339,11,10%,Low,Moderate overstock
2025-03-31,6,1681,Surf Excel Detergent 1,Household,312,15,10%,Low,Moderate overstock
2025-03-31,6,1685,Surf Excel Detergent 5,Household,377,16,10%,Low,Moderate overstock
2025-03-31,6,1687,Surf Excel Detergent 7,Household,312,12,10%,Low,Moderate overstock
2025-03-31,6,1711,Ariel Detergent 11,Household,378,7,10%,Low,Moderate overstock
2025-03-31,6,1722,Wheel Detergent 2,Household,316,15,10%,Low,Moderate overstock
2025-03-31,6,1723,Wheel Detergent 3,Household,363,18,10%,Low,Moderate overstock
2025-03-31,6,1733,Wheel Detergent 13,Household,314,18,10%,Low,Moderate overstock
2025-03-31,6,1742,Vim Dishwash 2,Household,317,14,10%,Low,Moderate overstock
2025-03-31,6,1765,Pril Dishwash 5,Household,316,15,10%,Low,Moderate overstock
2025-03-31,6,1775,Pril Dishwash 15,Household,363,18,10%,Low,Moderate overstock
2025-03-31,7,1002,India Gate Rice 2,Grocery,377,8,10%,Low,Moderate overstock
2025-03-31,7,1034,Daawat Rice 14,Grocery,349,11,10%,Low,Moderate overstock
2025-03-31,7,1038,Daawat Rice 18,Grocery,336,5,10%,Low,Moderate overstock
2025-03-31,7,1054,Fortune Rice 14,Grocery,361,16,10%,Low,Moderate overstock
2025-03-31,7,1060,Fortune Rice 20,Grocery,359,8,10%,Low,Moderate overstock
2025-03-31,7,1061,Aashirvaad Atta 1,Grocery,384,14,10%,Low,Moderate overstock
2025-03-31,7,1093,Fortune Atta 13,Grocery,302,6,10%,Low,Moderate overstock
2025-03-31,7,1103,Pillsbury Atta 3,Grocery,393,7,10%,Low,Moderate overstock
2025-03-31,7,1119,Pillsbury Atta 19,Grocery,324,9,10%,Low,Moderate overstock
2025-03-31,7,1123,Fortune Oil 3,Grocery,311,13,10%,Low,Moderate overstock
2025-03-31,7,1145,Saffola Oil 5,Grocery,315,14,10%,Low,Moderate overstock
2025-03-31,7,1149,Saffola Oil 9,Grocery,321,15,10%,Low,Moderate overstock
2025-03-31,7,1157,Saffola Oil 17,Grocery,363,16,10%,Low,Moderate overstock
2025-03-31,7,1168,Dhara Oil 8,Grocery,342,18,10%,Low,Moderate overstock
2025-03-31,7,1173,Dhara Oil 13,Grocery,329,17,10%,Low,Moderate overstock
2025-03-31,7,1199,Madhur Sugar 19,Grocery,301,16,10%,Low,Moderate overstock
2025-03-31,7,1201,Trust Sugar 1,Grocery,337,19,10%,Low,Moderate overstock
2025-03-31,7,1202,Trust Sugar 2,Grocery,378,5,10%,Low,Moderate overstock
2025-03-31,7,1221,Organic India Sugar 1,Grocery,356,15,10%,Low,Moderate overstock
2025-03-31,7,1232,Organic India Sugar 12,Grocery,365,11,10%,Low,Moderate overstock
2025-03-31,7,1237,Organic India Sugar 17,Grocery,326,13,10%,Low,Moderate overstock
2025-03-31,7,1242,Amul Milk 2,Dairy,310,16,10%,Low,Moderate overstock
2025-03-31,7,1254,Amul Milk 14,Dairy,384,6,10%,Low,Moderate overstock
2025-03-31,7,1264,Mother Dairy Milk 4,Dairy,326,15,10%,Low,Moderate overstock
2025-03-31,7,1284,Amul Butter 4,Dairy,335,16,10%,Low,Moderate overstock
2025-03-31,7,1285,Amul Butter 5,Dairy,379,8,10%,Low,Moderate overstock
2025-03-31,7,1287,Amul Butter 7,Dairy,330,7,10%,Low,Moderate overstock
2025-03-31,7,1307,Britannia Butter 7,Dairy,304,17,10%,Low,Moderate overstock
2025-03-31,7,1323,Amul Cheese 3,Dairy,333,14,10%,Low,Moderate overstock
2025-03-31,7,1332,Amul Cheese 12,Dairy,368,17,10%,Low,Moderate overstock
2025-03-31,7,1341,Britannia Cheese 1,Dairy,369,14,10%,Low,Moderate overstock
2025-03-31,7,1346,Britannia Cheese 6,Dairy,362,16,10%,Low,Moderate overstock
2025-03-31,7,1361,Lay's Chips 1,Snacks,382,8,10%,Low,Moderate overstock
2025-03-31,7,1377,Lay's Chips 17,Snacks,349,11,10%,Low,Moderate overstock
2025-03-31,7,1428,Parle Biscuits 8,Snacks,365,11,10%,Low,Moderate overstock
2025-03-31,7,1433,Parle Biscuits 13,Snacks,357,7,10%,Low,Moderate overstock
2025-03-31,7,1438,Parle Biscuits 18,Snacks,343,9,10%,Low,Moderate overstock
2025-03-31,7,1443,Tata Tea Tea 3,Beverages,338,9,10%,Low,Moderate overstock
2025-03-31,7,1456,Tata Tea Tea 16,Beverages,331,19,10%,Low,Moderate overstock
2025-03-31,7,1458,Tata Tea Tea 18,Beverages,350,12,10%,Low,Moderate overstock
2025-03-31,7,1477,Red Label Tea 17,Beverages,374,8,10%,Low,Moderate overstock
2025-03-31,7,1494,Nescafe Coffee 14,Beverages,372,13,10%,Low,Moderate overstock
2025-03-31,7,1509,Bru Coffee 9,Beverages,331,11,10%,Low,Moderate overstock
2025-03-31,7,1510,Bru Coffee 10,Beverages,347,12,10%,Low,Moderate overstock
2025-03-31,7,1576,Lifebuoy Soap 16,Personal Care,376,13,10%,Low,Moderate overstock
2025-03-31,7,1599,Clinic Plus Shampoo 19,Personal Care,310,16,10%,Low,Moderate overstock
2025-03-31,7,1600,Clinic Plus Shampoo 20,Personal Care,367,18,10%,Low,Moderate overstock
2025-03-31,7,1607,Pantene Shampoo 7,Personal Care,368,7,10%,Low,Moderate overstock
2025-03-31,7,1612,Pantene Shampoo 12,Personal Care,328,5,10%,Low,Moderate overstock
2025-03-31,7,1615,Pantene Shampoo 15,Personal Care,305,12,10%,Low,Moderate overstock
2025-03-31,7,1617,Pantene Shampoo 17,Personal Care,351,12,10%,Low,Moderate overstock
2025-03-31,7,1623,Head & Shoulders Shampoo 3,Personal Care,348,11,10%,Low,Moderate overstock
2025-03-31,7,1625,Head & Shoulders Shampoo 5,Personal Care,368,19,10%,Low,Moderate overstock
2025-03-31,7,1630,Head & Shoulders Shampoo 10,Personal Care,327,19,10%,Low,Moderate overstock
2025-03-31,7,1668,Pepsodent Toothpaste 8,Personal Care,380,15,10%,Low,Moderate overstock
2025-03-31,7,1688,Surf Excel Detergent 8,Household,311,6,10%,Low,Moderate overstock
2025-03-31,7,1693,Surf Excel Detergent 13,Household,373,17,10%,Low,Moderate overstock
2025-03-31,7,1695,Surf Excel Detergent 15,Household,360,19,10%,Low,Moderate overstock
2025-03-31,7,1735,Wheel Detergent 15,Household,361,15,10%,Low,Moderate overstock
2025-03-31,7,1740,Wheel Detergent 20,Household,333,17,10%,Low,Moderate overstock
2025-03-31,7,1748,Vim Dishwash 8,Household,335,14,10%,Low,Moderate overstock
2025-03-31,7,1753,Vim Dishwash 13,Household,328,16,10%,Low,Moderate overstock
2025-03-31,7,1758,Vim Dishwash 18,Household,377,14,10%,Low,Moderate overstock
2025-03-31,7,1779,Pril Dishwash 19,Household,358,9,10%,Low,Moderate overstock
2025-03-31,7,1780,Pril Dishwash 20,Household,351,19,10%,Low,Moderate overstock
2025-03-31,8,1016,India Gate Rice 16,Grocery,343,7,10%,Low,Moderate overstock
2025-03-31,8,1035,Daawat Rice 15,Grocery,335,9,10%,Low,Moderate overstock
2025-03-31,8,1039,Daawat Rice 19,Grocery,305,16,10%,Low,Moderate overstock
2025-03-31,8,1040,Daawat Rice 20,Grocery,319,9,10%,Low,Moderate overstock
2025-03-31,8,1051,Fortune Rice 11,Grocery,369,6,10%,Low,Moderate overstock
2025-03-31,8,1052,Fortune Rice 12,Grocery,365,5,10%,Low,Moderate overstock
2025-03-31,8,1060,Fortune Rice 20,Grocery,309,11,10%,Low,Moderate overstock
2025-03-31,8,1102,Pillsbury Atta 2,Grocery,375,19,10%,Low,Moderate overstock
2025-03-31,8,1104,Pillsbury Atta 4,Grocery,351,18,10%,Low,Moderate overstock
2025-03-31,8,1116,Pillsbury Atta 16,Grocery,331,15,10%,Low,Moderate overstock
2025-03-31,8,1120,Pillsbury Atta 20,Grocery,329,15,10%,Low,Moderate overstock
2025-03-31,8,1130,Fortune Oil 10,Grocery,307,14,10%,Low,Moderate overstock
2025-03-31,8,1136,Fortune Oil 16,Grocery,332,16,10%,Low,Moderate overstock
2025-03-31,8,1173,Dhara Oil 13,Grocery,368,19,10%,Low,Moderate overstock
2025-03-31,8,1186,Madhur Sugar 6,Grocery,368,9,10%,Low,Moderate overstock
2025-03-31,8,1190,Madhur Sugar 10,Grocery,342,5,10%,Low,Moderate overstock
2025-03-31,8,1201,Trust Sugar 1,Grocery,372,10,10%,Low,Moderate overstock
2025-03-31,8,1205,Trust Sugar 5,Grocery,355,16,10%,Low,Moderate overstock
2025-03-31,8,1206,Trust Sugar 6,Grocery,380,7,10%,Low,Moderate overstock
2025-03-31,8,1216,Trust Sugar 16,Grocery,383,17,10%,Low,Moderate overstock
2025-03-31,8,1224,Organic India Sugar 4,Grocery,319,5,10%,Low,Moderate overstock
2025-03-31,8,1233,Organic India Sugar 13,Grocery,378,9,10%,Low,Moderate overstock
2025-03-31,8,1236,Organic India Sugar 16,Grocery,356,9,10%,Low,Moderate overstock
2025-03-31,8,1268,Mother Dairy Milk 8,Dairy,381,7,10%,Low,Moderate overstock
2025-03-31,8,1273,Mother Dairy Milk 13,Dairy,348,15,10%,Low,Moderate overstock
2025-03-31,8,1297,Amul Butter 17,Dairy,369,12,10%,Low,Moderate overstock
2025-03-31,8,1302,Britannia Butter 2,Dairy,395,5,10%,Low,Moderate overstock
2025-03-31,8,1326,Amul Cheese 6,Dairy,321,10,10%,Low,Moderate overstock
2025-03-31,8,1347,Britannia Cheese 7,Dairy,392,7,10%,Low,Moderate overstock
2025-03-31,8,1351,Britannia Cheese 11,Dairy,320,15,10%,Low,Moderate overstock
2025-03-31,8,1355,Britannia Cheese 15,Dairy,330,5,10%,Low,Moderate overstock
2025-03-31,8,1360,Britannia Cheese 20,Dairy,331,5,10%,Low,Moderate overstock
2025-03-31,8,1362,Lay's Chips 2,Snacks,331,13,10%,Low,Moderate overstock
2025-03-31,8,1364,Lay's Chips 4,Snacks,302,11,10%,Low,Moderate overstock
2025-03-31,8,1370,Lay's Chips 10,Snacks,318,9,10%,Low,Moderate overstock
2025-03-31,8,1371,Lay's Chips 11,Snacks,364,17,10%,Low,Moderate overstock
2025-03-31,8,1386,Kurkure Chips 6,Snacks,365,14,10%,Low,Moderate overstock
2025-03-31,8,1401,Britannia Biscuits 1,Snacks,305,13,10%,Low,Moderate overstock
2025-03-31,8,1409,Britannia Biscuits 9,Snacks,356,18,10%,Low,Moderate overstock
2025-03-31,8,1410,Britannia Biscuits 10,Snacks,362,13,10%,Low,Moderate overstock
2025-03-31,8,1420,Britannia Biscuits 20,Snacks,371,15,10%,Low,Moderate overstock
2025-03-31,8,1423,Parle Biscuits 3,Snacks,353,16,10%,Low,Moderate overstock
2025-03-31,8,1428,Parle Biscuits 8,Snacks,351,9,10%,Low,Moderate overstock
2025-03-31,8,1429,Parle Biscuits 9,Snacks,315,11,10%,Low,Moderate overstock
2025-03-31,8,1433,Parle Biscuits 13,Snacks,337,8,10%,Low,Moderate overstock
2025-03-31,8,1435,Parle Biscuits 15,Snacks,338,5,10%,Low,Moderate overstock
2025-03-31,8,1454,Tata Tea Tea 14,Beverages,313,8,10%,Low,Moderate overstock
2025-03-31,8,1485,Nescafe Coffee 5,Beverages,310,19,10%,Low,Moderate overstock
2025-03-31,8,1491,Nescafe Coffee 11,Beverages,353,11,10%,Low,Moderate overstock
2025-03-31,8,1496,Nescafe Coffee 16,Beverages,351,7,10%,Low,Moderate overstock
2025-03-31,8,1502,Bru Coffee 2,Beverages,365,10,10%,Low,Moderate overstock
2025-03-31,8,1550,Lux Soap 10,Personal Care,377,9,10%,Low,Moderate overstock
2025-03-31,8,1556,Lux Soap 16,Personal Care,327,18,10%,Low,Moderate overstock
2025-03-31,8,1559,Lux Soap 19,Personal Care,382,7,10%,Low,Moderate overstock
2025-03-31,8,1571,Lifebuoy Soap 11,Personal Care,388,11,10%,Low,Moderate overstock
2025-03-31,8,1578,Lifebuoy Soap 18,Personal Care,364,11,10%,Low,Moderate overstock
2025-03-31,8,1605,Pantene Shampoo 5,Personal Care,346,9,10%,Low,Moderate overstock
2025-03-31,8,1636,Head & Shoulders Shampoo 16,Personal Care,348,14,10%,Low,Moderate overstock
2025-03-31,8,1665,Pepsodent Toothpaste 5,Personal Care,386,6,10%,Low,Moderate overstock
2025-03-31,8,1666,Pepsodent Toothpaste 6,Personal Care,325,15,10%,Low,Moderate overstock
2025-03-31,8,1667,Pepsodent Toothpaste 7,Personal Care,337,10,10%,Low,Moderate overstock
2025-03-31,8,1668,Pepsodent Toothpaste 8,Personal Care,305,8,10%,Low,Moderate overstock
2025-03-31,8,1677,Pepsodent Toothpaste 17,Personal Care,313,7,10%,Low,Moderate overstock
2025-03-31,8,1683,Surf Excel Detergent 3,Household,385,15,10%,Low,Moderate overstock
2025-03-31,8,1689,Surf Excel Detergent 9,Household,382,7,10%,Low,Moderate overstock
2025-03-31,8,1696,Surf Excel Detergent 16,Household,349,11,10%,Low,Moderate overstock
2025-03-31,8,1709,Ariel Detergent 9,Household,380,5,10%,Low,Moderate overstock
2025-03-31,8,1710,Ariel Detergent 10,Household,308,17,10%,Low,Moderate overstock
2025-03-31,8,1715,Ariel Detergent 15,Household,317,7,10%,Low,Moderate overstock
2025-03-31,8,1722,Wheel Detergent 2,Household,391,7,10%,Low,Moderate overstock
2025-03-31,8,1734,Wheel Detergent 14,Household,313,16,10%,Low,Moderate overstock
2025-03-31,8,1735,Wheel Detergent 15,Household,381,13,10%,Low,Moderate overstock
2025-03-31,8,1749,Vim Dishwash 9,Household,355,18,10%,Low,Moderate overstock
2025-03-31,8,1761,Pril Dishwash 1,Household,372,11,10%,Low,Moderate overstock
2025-03-31,8,1778,Pril Dishwash 18,Household,321,16,10%,Low,Moderate overstock
2025-03-31,9,1032,Daawat Rice 12,Grocery,332,17,10%,Low,Moderate overstock
2025-03-31,9,1041,Fortune Rice 1,Grocery,356,18,10%,Low,Moderate overstock
2025-03-31,9,1044,Fortune Rice 4,Grocery,349,17,10%,Low,Moderate overstock
2025-03-31,9,1053,Fortune Rice 13,Grocery,341,16,10%,Low,Moderate overstock
2025-03-31,9,1057,Fortune Rice 17,Grocery,316,16,10%,Low,Moderate overstock
2025-03-31,9,1076,Aashirvaad Atta 16,Grocery,383,9,10%,Low,Moderate overstock
2025-03-31,9,1089,Fortune Atta 9,Grocery,378,14,10%,Low,Moderate overstock
2025-03-31,9,1099,Fortune Atta 19,Grocery,313,14,10%,Low,Moderate overstock
2025-03-31,9,1103,Pillsbury Atta 3,Grocery,371,12,10%,Low,Moderate overstock
2025-03-31,9,1111,Pillsbury Atta 11,Grocery,331,15,10%,Low,Moderate overstock
2025-03-31,9,1122,Fortune Oil 2,Grocery,358,15,10%,Low,Moderate overstock
2025-03-31,9,1132,Fortune Oil 12,Grocery,318,9,10%,Low,Moderate overstock
2025-03-31,9,1151,Saffola Oil 11,Grocery,383,13,10%,Low,Moderate overstock
2025-03-31,9,1153,Saffola Oil 13,Grocery,301,8,10%,Low,Moderate overstock
2025-03-31,9,1163,Dhara Oil 3,Grocery,361,6,10%,Low,Moderate overstock
2025-03-31,9,1166,Dhara Oil 6,Grocery,308,10,10%,Low,Moderate overstock
2025-03-31,9,1171,Dhara Oil 11,Grocery,329,13,10%,Low,Moderate overstock
2025-03-31,9,1175,Dhara Oil 15,Grocery,306,6,10%,Low,Moderate overstock
2025-03-31,9,1180,Dhara Oil 20,Grocery,322,8,10%,Low,Moderate overstock
2025-03-31,9,1182,Madhur Sugar 2,Grocery,352,18,10%,Low,Moderate overstock
2025-03-31,9,1200,Madhur Sugar 20,Grocery,392,7,10%,Low,Moderate overstock
2025-03-31,9,1210,Trust Sugar 10,Grocery,332,13,10%,Low,Moderate overstock
2025-03-31,9,1223,Organic India Sugar 3,Grocery,370,11,10%,Low,Moderate overstock
2025-03-31,9,1226,Organic India Sugar 6,Grocery,334,7,10%,Low,Moderate overstock
2025-03-31,9,1238,Organic India Sugar 18,Grocery,360,8,10%,Low,Moderate overstock
2025-03-31,9,1251,Amul Milk 11,Dairy,369,19,10%,Low,Moderate overstock
2025-03-31,9,1254,Amul Milk 14,Dairy,334,15,10%,Low,Moderate overstock
2025-03-31,9,1258,Amul Milk 18,Dairy,323,6,10%,Low,Moderate overstock
2025-03-31,9,1283,Amul Butter 3,Dairy,368,9,10%,Low,Moderate overstock
2025-03-31,9,1290,Amul Butter 10,Dairy,351,12,10%,Low,Moderate overstock
2025-03-31,9,1303,Britannia Butter 3,Dairy,325,8,10%,Low,Moderate overstock
2025-03-31,9,1305,Britannia Butter 5,Dairy,355,15,10%,Low,Moderate overstock
2025-03-31,9,1329,Amul Cheese 9,Dairy,326,18,10%,Low,Moderate overstock
2025-03-31,9,1333,Amul Cheese 13,Dairy,319,14,10%,Low,Moderate overstock
2025-03-31,9,1335,Amul Cheese 15,Dairy,377,19,10%,Low,Moderate overstock
2025-03-31,9,1339,Amul Cheese 19,Dairy,365,17,10%,Low,Moderate overstock
2025-03-31,9,1389,Kurkure Chips 9,Snacks,372,15,10%,Low,Moderate overstock
2025-03-31,9,1419,Britannia Biscuits 19,Snacks,327,13,10%,Low,Moderate overstock
2025-03-31,9,1430,Parle Biscuits 10,Snacks,320,14,10%,Low,Moderate overstock
2025-03-31,9,1432,Parle Biscuits 12,Snacks,332,11,10%,Low,Moderate overstock
2025-03-31,9,1433,Parle Biscuits 13,Snacks,366,5,10%,Low,Moderate overstock
2025-03-31,9,1441,Tata Tea Tea 1,Beverages,322,15,10%,Low,Moderate overstock
2025-03-31,9,1454,Tata Tea Tea 14,Beverages,310,15,10%,Low,Moderate overstock
2025-03-31,9,1474,Red Label Tea 14,Beverages,303,11,10%,Low,Moderate overstock
2025-03-31,9,1500,Nescafe Coffee 20,Beverages,355,14,10%,Low,Moderate overstock
2025-03-31,9,1509,Bru Coffee 9,Beverages,357,6,10%,Low,Moderate overstock
2025-03-31,9,1531,Dove Soap 11,Personal Care,346,18,10%,Low,Moderate overstock
2025-03-31,9,1542,Lux Soap 2,Personal Care,377,13,10%,Low,Moderate overstock
2025-03-31,9,1545,Lux Soap 5,Personal Care,329,5,10%,Low,Moderate overstock
2025-03-31,9,1551,Lux Soap 11,Personal Care,342,6,10%,Low,Moderate overstock
2025-03-31,9,1572,Lifebuoy Soap 12,Personal Care,304,12,10%,Low,Moderate overstock
2025-03-31,9,1573,Lifebuoy Soap 13,Personal Care,350,9,10%,Low,Moderate overstock
2025-03-31,9,1594,Clinic Plus Shampoo 14,Personal Care,375,16,10%,Low,Moderate overstock
2025-03-31,9,1607,Pantene Shampoo 7,Personal Care,320,8,10%,Low,Moderate overstock
2025-03-31,9,1635,Head & Shoulders Shampoo 15,Personal Care,362,15,10%,Low,Moderate overstock
2025-03-31,9,1641,Colgate Toothpaste 1,Personal Care,366,14,10%,Low,Moderate overstock
2025-03-31,9,1642,Colgate Toothpaste 2,Personal Care,354,12,10%,Low,Moderate overstock
2025-03-31,9,1644,Colgate Toothpaste 4,Personal Care,315,9,10%,Low,Moderate overstock
2025-03-31,9,1647,Colgate Toothpaste 7,Personal Care,373,14,10%,Low,Moderate overstock
2025-03-31,9,1649,Colgate Toothpaste 9,Personal Care,361,17,10%,Low,Moderate overstock
2025-03-31,9,1651,Colgate Toothpaste 11,Personal Care,355,11,10%,Low,Moderate overstock
2025-03-31,9,1668,Pepsodent Toothpaste 8,Personal Care,369,7,10%,Low,Moderate overstock
2025-03-31,9,1670,Pepsodent Toothpaste 10,Personal Care,301,9,10%,Low,Moderate overstock
2025-03-31,9,1672,Pepsodent Toothpaste 12,Personal Care,354,10,10%,Low,Moderate overstock
2025-03-31,9,1704,Ariel Detergent 4,Household,367,5,10%,Low,Moderate overstock
2025-03-31,9,1719,Ariel Detergent 19,Household,329,9,10%,Low,Moderate overstock
2025-03-31,9,1766,Pril Dishwash 6,Household,337,14,10%,Low,Moderate overstock
2025-03-31,9,1773,Pril Dishwash 13,Household,304,19,10%,Low,Moderate overstock
2025-03-31,10,1017,India Gate Rice 17,Grocery,388,9,10%,Low,Moderate overstock
2025-03-31,10,1028,Daawat Rice 8,Grocery,370,6,10%,Low,Moderate overstock
2025-03-31,10,1032,Daawat Rice 12,Grocery,320,14,10%,Low,Moderate overstock
2025-03-31,10,1039,Daawat Rice 19,Grocery,342,17,10%,Low,Moderate overstock
2025-03-31,10,1047,Fortune Rice 7,Grocery,375,17,10%,Low,Moderate overstock
2025-03-31,10,1052,Fortune Rice 12,Grocery,378,19,10%,Low,Moderate overstock
2025-03-31,10,1057,Fortune Rice 17,Grocery,321,14,10%,Low,Moderate overstock
2025-03-31,10,1058,Fortune Rice 18,Grocery,375,17,10%,Low,Moderate overstock
2025-03-31,10,1070,Aashirvaad Atta 10,Grocery,317,19,10%,Low,Moderate overstock
2025-03-31,10,1071,Aashirvaad Atta 11,Grocery,375,19,10%,Low,Moderate overstock
2025-03-31,10,1074,Aashirvaad Atta 14,Grocery,309,13,10%,Low,Moderate overstock
2025-03-31,10,1081,Fortune Atta 1,Grocery,325,13,10%,Low,Moderate overstock
2025-03-31,10,1122,Fortune Oil 2,Grocery,387,11,10%,Low,Moderate overstock
2025-03-31,10,1130,Fortune Oil 10,Grocery,315,12,10%,Low,Moderate overstock
2025-03-31,10,1132,Fortune Oil 12,Grocery,365,17,10%,Low,Moderate overstock
2025-03-31,10,1146,Saffola Oil 6,Grocery,381,7,10%,Low,Moderate overstock
2025-03-31,10,1151,Saffola Oil 11,Grocery,345,15,10%,Low,Moderate overstock
2025-03-31,10,1164,Dhara Oil 4,Grocery,368,10,10%,Low,Moderate overstock
2025-03-31,10,1165,Dhara Oil 5,Grocery,359,5,10%,Low,Moderate overstock
2025-03-31,10,1166,Dhara Oil 6,Grocery,380,12,10%,Low,Moderate overstock
2025-03-31,10,1179,Dhara Oil 19,Grocery,382,12,10%,Low,Moderate overstock
2025-03-31,10,1191,Madhur Sugar 11,Grocery,379,5,10%,Low,Moderate overstock
2025-03-31,10,1211,Trust Sugar 11,Grocery,380,8,10%,Low,Moderate overstock
2025-03-31,10,1236,Organic India Sugar 16,Grocery,363,5,10%,Low,Moderate overstock
2025-03-31,10,1245,Amul Milk 5,Dairy,316,19,10%,Low,Moderate overstock
2025-03-31,10,1246,Amul Milk 6,Dairy,306,10,10%,Low,Moderate overstock
2025-03-31,10,1269,Mother Dairy Milk 9,Dairy,339,6,10%,Low,Moderate overstock
2025-03-31,10,1309,Britannia Butter 9,Dairy,304,17,10%,Low,Moderate overstock
2025-03-31,10,1346,Britannia Cheese 6,Dairy,313,12,10%,Low,Moderate overstock
2025-03-31,10,1348,Britannia Cheese 8,Dairy,351,6,10%,Low,Moderate overstock
2025-03-31,10,1357,Britannia Cheese 17,Dairy,308,17,10%,Low,Moderate overstock
2025-03-31,10,1374,Lay's Chips 14,Snacks,338,18,10%,Low,Moderate overstock
2025-03-31,10,1381,Kurkure Chips 1,Snacks,362,18,10%,Low,Moderate overstock
2025-03-31,10,1389,Kurkure Chips 9,Snacks,326,13,10%,Low,Moderate overstock
2025-03-31,10,1407,Britannia Biscuits 7,Snacks,389,6,10%,Low,Moderate overstock
2025-03-31,10,1418,Britannia Biscuits 18,Snacks,326,9,10%,Low,Moderate overstock
2025-03-31,10,1454,Tata Tea Tea 14,Beverages,359,11,10%,Low,Moderate overstock
2025-03-31,10,1483,Nescafe Coffee 3,Beverages,320,7,10%,Low,Moderate overstock
2025-03-31,10,1485,Nescafe Coffee 5,Beverages,331,6,10%,Low,Moderate overstock
2025-03-31,10,1527,Dove Soap 7,Personal Care,343,5,10%,Low,Moderate overstock
2025-03-31,10,1536,Dove Soap 16,Personal Care,380,18,10%,Low,Moderate overstock
2025-03-31,10,1543,Lux Soap 3,Personal Care,314,7,10%,Low,Moderate overstock
2025-03-31,10,1548,Lux Soap 8,Personal Care,311,6,10%,Low,Moderate overstock
2025-03-31,10,1552,Lux Soap 12,Personal Care,346,11,10%,Low,Moderate overstock
2025-03-31,10,1555,Lux Soap 15,Personal Care,380,6,10%,Low,Moderate overstock
2025-03-31,10,1559,Lux Soap 19,Personal Care,307,16,10%,Low,Moderate overstock
2025-03-31,10,1568,Lifebuoy Soap 8,Personal Care,359,14,10%,Low,Moderate overstock
2025-03-31,10,1577,Lifebuoy Soap 17,Personal Care,327,15,10%,Low,Moderate overstock
2025-03-31,10,1592,Clinic Plus Shampoo 12,Personal Care,369,7,10%,Low,Moderate overstock
2025-03-31,10,1597,Clinic Plus Shampoo 17,Personal Care,320,7,10%,Low,Moderate overstock
2025-03-31,10,1602,Pantene Shampoo 2,Personal Care,363,13,10%,Low,Moderate overstock
2025-03-31,10,1611,Pantene Shampoo 11,Personal Care,325,16,10%,Low,Moderate overstock
2025-03-31,10,1626,Head & Shoulders Shampoo 6,Personal Care,327,5,10%,Low,Moderate overstock
2025-03-31,10,1646,Colgate Toothpaste 6,Personal Care,315,16,10%,Low,Moderate overstock
2025-03-31,10,1664,Pepsodent Toothpaste 4,Personal Care,343,13,10%,Low,Moderate overstock
2025-03-31,10,1678,Pepsodent Toothpaste 18,Personal Care,337,19,10%,Low,Moderate overstock
2025-03-31,10,1690,Surf Excel Detergent 10,Household,325,11,10%,Low,Moderate overstock
2025-03-31,10,1693,Surf Excel Detergent 13,Household,382,18,10%,Low,Moderate overstock
2025-03-31,10,1726,Wheel Detergent 6,Household,333,18,10%,Low,Moderate overstock
2025-03-31,10,1728,Wheel Detergent 8,Household,369,11,10%,Low,Moderate overstock
2025-03-31,10,1735,Wheel Detergent 15,Household,308,13,10%,Low,Moderate overstock
2025-03-31,10,1740,Wheel Detergent 20,Household,377,12,10%,Low,Moderate overstock
2025-03-31,10,1746,Vim Dishwash 6,Household,323,12,10%,Low,Moderate overstock
2025-03-31,10,1754,Vim Dishwash 14,Household,326,11,10%,Low,Moderate overstock
2025-03-31,10,1762,Pril Dishwash 2,Household,309,17,10%,Low,Moderate overstock
2025-03-31,10,1764,Pril Dishwash 4,Household,324,8,10%,Low,Moderate overstock
2025-03-31,10,1767,Pril Dishwash 7,Household,341,5,10%,Low,Moderate overstock
